{
  "project_info": {
    "project_number": "1078694094549",
    "project_id": "ardiandh-fb0c1",
    "storage_bucket": "ardiandh-fb0c1.appspot.com"
  },
  "client": [
    {
      "client_info": {
        "mobilesdk_app_id": "1:1078694094549:android:ce98d8d81cac576fd4e45c",
        "android_client_info": {
          "package_name": "com.ardiandh.app"
        }
      },
      "oauth_client": [
        {
          "client_id": "1078694094549-eglii5aa4rb2ahhae12agcp1la4d02a2.apps.googleusercontent.com",
          "client_type": 3
        }
      ],
      "api_key": [
        {
          "current_key": "AIzaSyAdbLG89v3eFOZDJjuFU_KWpjPtKni_Xu4"
        }
      ],
      "services": {
        "appinvite_service": {
          "other_platform_oauth_client": [
            {
              "client_id": "1078694094549-eglii5aa4rb2ahhae12agcp1la4d02a2.apps.googleusercontent.com",
              "client_type": 3
            }
          ]
        }
      }
    }
  ],
  "configuration_version": "1"
}